"№ организации п/п","№ торгового объекта организации п/п","Полное наименование организации розничной торговли","Сокращеенное наименование лицензиата розничной торговли",ИНН,ОГРН,"Адрес организации розничной торговли","Адрес обособленного подразделения организации розничной торговли","КПП обособленного подразделения","Приказ Минпромторга России о включении организации розничной торговли в Перечень","Дата включения организации розничной торговли в Перечень"
1,1,"Общество с ограниченной ответственностью ""БОСКО Ривьера""","ООО ""БОСКО Ривьера""",2320155448,1072320016724,"Краснодарский край, г. Сочи, ул. Войкова, д. 1",,,"от 12.04.2018 №1389",17.04.2018
1,2,"Общество с ограниченной ответственностью ""БОСКО Ривьера""","ООО ""БОСКО Ривьера""",2320155448,1072320016724,,"Краснодарский край, г. Сочи, с. Эсто-Садок, наб. Времена года, д.1",231745009,"от 12.04.2018 №1389",17.04.2018
2,1,"Общество с ограниченной ответственностью ""Фурла Рус""","ООО ""Фурла Рус""",5027172101,1115027002782,,"г. Екатеринбург, ул. Вайнера, д. 9",667145001,"от 13.07.2018 №2754",
2,2,"Общество с ограниченной ответственностью ""Фурла Рус""","ООО ""Фурла Рус""",5027172101,1115027002782,,"г. Москва, Красная пл., д. 3",771045001,"от 13.07.2018 №2754",
3,1,"Общество с ограниченной ответственностью ""Джей. Чу РУС""","ООО ""Джей. Чу РУС""",5027195797,1125027019171,,"Московская область, г. Красногорск, ул. Международная, д. 8",502445001,"от 25.05.2018 №2007",28.05.2018
3,2,"Общество с ограниченной ответственностью ""Джей. Чу РУС""","ООО ""Джей. Чу РУС""",5027195797,1125027019171,,"г. Москва, Красная пл., д. 3",771045001,"от 25.05.2018 №2007",28.05.2018
4,1,"Закрытое акционерное общество ""Премиум Отель Менеджмент""",,5032178010,1075032015673,,"г. Москва, ул. Петровка, д. 2, строение 2",770745001,"от 25.04.2018 №1667",26.04.2018
4,2,"Закрытое акционерное общество ""Премиум Отель Менеджмент""",,5032178010,1075032015673,,"г. Санкт-Петербург, ул. Большая Конюшенная, д. 21-23, литер А",784145001,"от 25.04.2018 №1667",26.04.2018
5,1,"Общество с ограниченной ответственностью ""М СТИЛЬ""","ООО ""М СТИЛЬ""",5032231313,1165032052063,,"Московская область, г. Красногорск, ул. Международная, д. 8",502445001,"от 06.04.2018 №1307",09.04.2018
5,2,"Общество с ограниченной ответственностью ""М СТИЛЬ""","ООО ""М СТИЛЬ""",5032231313,1165032052063,,"г. Москва, ул. Никольская, д. 19-21/1",770245003,"от 06.04.2018 №1307",09.04.2018
5,3,"Общество с ограниченной ответственностью ""М СТИЛЬ""","ООО ""М СТИЛЬ""",5032231313,1165032052063,,"г. Москва, ул. Петровка, д. 2, строение 2",770245004,"от 06.04.2018 №1307",09.04.2018
5,4,"Общество с ограниченной ответственностью ""М СТИЛЬ""","ООО ""М СТИЛЬ""",5032231313,1165032052063,,"г. Москва, Красная пл., д. 3",770245013,"от 06.04.2018 №1307",09.04.2018
5,5,"Общество с ограниченной ответственностью ""М СТИЛЬ""","ООО ""М СТИЛЬ""",5032231313,1165032052063,,"г. Санкт-Петербург, ул. Большая Конюшенная, д. 21-23, литер А",784145001,"от 06.04.2018 №1307",09.04.2018
6,1,"Общество с ограниченной ответственностью ""М Фэшн""","ООО ""М Фэшн""",5032277847,1145032002390,,"Московская область, г. Красногорск, ул. Международная, д. 8",502445002,"от 06.04.2018 №1307",09.04.2018
6,2,"Общество с ограниченной ответственностью ""М Фэшн""","ООО ""М Фэшн""",5032277847,1145032002390,,"г. Москва, ул. Никольская, д. 19-21/1",770445002,"от 06.04.2018 №1307",09.04.2018
6,3,"Общество с ограниченной ответственностью ""М Фэшн""","ООО ""М Фэшн""",5032277847,1145032002390,,"г. Москва, ул. Никольская, д. 19-21, строение 2",770445012,"от 06.04.2018 №1307",09.04.2018
7,1,"Общество с ограниченной ответственностью ""Екатеринбург Яблоко""","ООО ""Екатеринбург Яблоко""",6670381056,1126670019585,,"г. Екатеринбург, ул. Вайнера, д. 9",667145003,"от 23.07.2018 №2885",
8,1,"Общество с ограниченной ответственностью ""Ап энд ран""","ООО ""Ап энд ран""",7701348374,1157746439025,,"г. Красногорск, ул. Международная, д. 12",502445001,"от 13.07.2018 №2754",
8,2,"Общество с ограниченной ответственностью ""Ап энд ран""","ООО ""Ап энд ран""",7701348374,1157746439025,,"г. Екатеринбург, ул. Вайнера, д. 9",667145002,"от 13.07.2018 №2754",
9,1,"Общество с ограниченной ответственностью ""Носимо""","ООО ""Носимо""",7701349057,1157746450465,,"г. Казань, пр. Победы, д. 141",166045001,"от 13.07.2018 №2754",
9,2,"Общество с ограниченной ответственностью ""Носимо""","ООО ""Носимо""",7701349057,1157746450465,,"г. Волгоград, ул. Рабоче-Крестьянская, д. 9Б",346045002,"от 13.07.2018 №2754",
9,3,"Общество с ограниченной ответственностью ""Носимо""","ООО ""Носимо""",7701349057,1157746450465,,"г. Красногорск, ул. Международная, д. 12",502445001,"от 13.07.2018 №2754",
9,4,"Общество с ограниченной ответственностью ""Носимо""","ООО ""Носимо""",7701349057,1157746450465,,"г. Екатеринбург, ул. 8 марта, д. 46",667145001,"от 13.07.2018 №2754",
9,5,"Общество с ограниченной ответственностью ""Носимо""","ООО ""Носимо""",7701349057,1157746450465,,"г. Екатеринбург, ул. Вайнера, д. 9",667145002,"от 13.07.2018 №2754",
9,6,"Общество с ограниченной ответственностью ""Носимо""","ООО ""Носимо""",7701349057,1157746450465,,"г. Москва, Красная пл., д. 3",771045001,"от 13.07.2018 №2754",
10,1,"Общество с ограниченной ответственностью ""Реинвент""","ООО ""Реинвент""",7701402303,1147746834300,,"Московская область, г. Красногорск, ул. Международная, д. 12",,"от 13.07.2018 №2753",
11,1,"Общество с ограниченной ответственностью ""Т.Р.С. Дистрибьюшн""","ООО ""Т.Р.С. Дистрибьюшн""",7701870372,1107746224960,,"Московская область, г. Красногорск, ул. Международная, д. 8",502445001,"от 25.04.2018 №1667",26.04.2018
11,2,"Общество с ограниченной ответственностью ""Т.Р.С. Дистрибьюшн""","ООО ""Т.Р.С. Дистрибьюшн""",7701870372,1107746224960,,"г. Москва, Красная пл., д. 3",771045001,"от 25.04.2018 №1667",26.04.2018
12,1,"Общество с ограниченной ответственностью ""ШАНЕЛЬ""","ООО ""ШАНЕЛЬ""",7702331790,1037739006216,,"Московская область, г. Красногорск, ул. Международная, д. 8",502445001,"от 06.04.2018 №1307",09.04.2018
12,2,"Общество с ограниченной ответственностью ""ШАНЕЛЬ""","ООО ""ШАНЕЛЬ""",7702331790,1037739006216,,"г. Москва, ул. Петровка, д. 2, строение 2",770745001,"от 06.04.2018 №1307",09.04.2018
13,1,"Акционерное общество ""БНС Груп""","АО ""БНС Груп""",7702680310,1087746873323,,"Республика Татарстан, г. Казань, проспект Победы, д. 141",166045004,"от 25.05.2018 №2007",28.05.2018
13,2,"Акционерное общество ""БНС Груп""","АО ""БНС Груп""",7702680310,1087746873323,,"Московская область, г. Красногорск, ул. Международная, д. 12",502445001,"от 25.04.2018 №1667",26.04.2018
13,3,"Акционерное общество ""БНС Груп""","АО ""БНС Груп""",7702680310,1087746873323,,"Самарская область, г. Самара, Московское шоссе, д. 81Б",631945001,"от 25.05.2018 №2007",28.05.2018
13,4,"Акционерное общество ""БНС Груп""","АО ""БНС Груп""",7702680310,1087746873323,,"Свердловская область, г. Екатеринбург, ул. 8 Марта, д. 46",667145002,"от 25.05.2018 №2007",28.05.2018
13,5,"Акционерное общество ""БНС Груп""","АО ""БНС Груп""",7702680310,1087746873323,,"Свердловская область, г. Екатеринбург, ул. Вайнера, д. 9",667145004,"от 25.05.2018 №2007",28.05.2018
13,6,"Акционерное общество ""БНС Груп""","АО ""БНС Груп""",7702680310,1087746873323,,"Свердловская область, г. Екатеринбург, ул. 8 Марта, д. 46",667145005,"от 25.05.2018 №2007",28.05.2018
13,7,"Акционерное общество ""БНС Груп""","АО ""БНС Груп""",7702680310,1087746873323,,"г. Москва, Красная пл., д. 3",771045002,"от 25.04.2018 №1667",26.04.2018
14,1,"Акционерное Общество ""МФК ДжамильКо""","АО ""МФК ДжамильКо""",7703013782,1027700141446,,"Московская область, г. Красногорск, ул. Международная, д. 8",502445001,"от 09.06.2018 №2296",13.06.2018
14,2,"Акционерное Общество ""МФК ДжамильКо""","АО ""МФК ДжамильКо""",7703013782,1027700141446,,"Свердловская область, г. Екатеринбург, ул. 8-го Марта, д. 46",667145001,"от 09.06.2018 №2296",13.06.2018
14,3,"Акционерное Общество ""МФК ДжамильКо""","АО ""МФК ДжамильКо""",7703013782,1027700141446,,"г. Москва, Красная пл., д. 3",771032003,"от 09.06.2018 №2296",13.06.2018
14,4,"Акционерное Общество ""МФК ДжамильКо""","АО ""МФК ДжамильКо""",7703013782,1027700141446,,"г. Москва, Красная пл., д. 3",771032004,"от 09.06.2018 №2296",13.06.2018
15,1,"Общество с ограниченной ответственностью ""РусМода""","ООО ""РусМода""",7703708336,1097746623248,,"г. Красногорск, ул. Международная, д. 8",502445001,"от 18.06.2018 №2370",19.06.2018
16,1,"Общество с ограниченной ответственностью ""ЛТФ РУС""","ООО ""ЛФТ РУС""",7703799870,5137746022112,,"г. Красногорск, ул. Международная, д. 12",502445001,"от 13.07.2018 №2753",
17,1,"Общество с ограниченной ответственностью ""Ар-Эл-Джи""","ООО ""Ар-Эл-Джи""",7704242231,1027700260202,,"Московская область, г. Красногорск, ул. Международная, д. 8",502445001,"от 06.04.2018 №1307",09.04.2018
17,2,"Общество с ограниченной ответственностью ""Ар-Эл-Джи""","ООО ""Ар-Эл-Джи""",7704242231,1027700260202,,"г. Москва, Красная пл., д. 3",770745015,"от 06.04.2018 №1307",09.04.2018
18,1,"Общество с ограниченной ответственностью ""Свотч Групп (РУС)""","ООО ""Свотч Групп (РУС)""",7704582037,1057749487388,,"Республиа Татарстан, ул. Петербургская, д. 1",165545001,"от 25.05.2018 №2007",28.05.2018
18,2,"Общество с ограниченной ответственностью ""Свотч Групп (РУС)""","ООО ""Свотч Групп (РУС)""",7704582037,1057749487388,,"Республиа Татарстан, просп. Ямашева, д. 46/33",165732001,"от 25.05.2018 №2007",28.05.2018
18,3,"Общество с ограниченной ответственностью ""Свотч Групп (РУС)""","ООО ""Свотч Групп (РУС)""",7704582037,1057749487388,,"Республиа Татарстан, просп. Победы, д. 141",166032001,"от 25.05.2018 №2007",28.05.2018
18,4,"Общество с ограниченной ответственностью ""Свотч Групп (РУС)""","ООО ""Свотч Групп (РУС)""",7704582037,1057749487388,,"Краснодарский край, г. Сочи, ул. Войкова, д. 1",232045001,"от 25.05.2018 №2007",28.05.2018
18,5,"Общество с ограниченной ответственностью ""Свотч Групп (РУС)""","ООО ""Свотч Групп (РУС)""",7704582037,1057749487388,,"Краснодарский край, г. Сочи, ул. Войкова, д. 1",232045002,"от 25.05.2018 №2007",28.05.2018
18,6,"Общество с ограниченной ответственностью ""Свотч Групп (РУС)""","ООО ""Свотч Групп (РУС)""",7704582037,1057749487388,,"Московская область, г. Красногорск, ул. Международная, д. 12",502445001,"от 25.05.2018 №2007",28.05.2018
18,7,"Общество с ограниченной ответственностью ""Свотч Групп (РУС)""","ООО ""Свотч Групп (РУС)""",7704582037,1057749487388,,"Нижегородская область, г. Нижний Новгород, ул. Бетанкура, д. 1",525745001,"от 25.05.2018 №2007",28.05.2018
18,8,"Общество с ограниченной ответственностью ""Свотч Групп (РУС)""","ООО ""Свотч Групп (РУС)""",7704582037,1057749487388,,"Самарская область, г. Самара, п. Мехзавод, 24-й километр, д. 5",631345001,"от 25.05.2018 №2007",28.05.2018
18,9,"Общество с ограниченной ответственностью ""Свотч Групп (РУС)""","ООО ""Свотч Групп (РУС)""",7704582037,1057749487388,,"Свердловская область, г. Екатеринбург, ул. 8 Марта, д. 46",667132001,"от 25.05.2018 №2007",28.05.2018
18,10,"Общество с ограниченной ответственностью ""Свотч Групп (РУС)""","ООО ""Свотч Групп (РУС)""",7704582037,1057749487388,,"г. Москва, Красная пл., д. 3",771032002,"от 25.05.2018 №2007",28.05.2018
18,11,"Общество с ограниченной ответственностью ""Свотч Групп (РУС)""","ООО ""Свотч Групп (РУС)""",7704582037,1057749487388,,"г. Москва, Красная пл., д. 3",771032003,"от 25.05.2018 №2007",28.05.2018
18,12,"Общество с ограниченной ответственностью ""Свотч Групп (РУС)""","ООО ""Свотч Групп (РУС)""",7704582037,1057749487388,,"г. Москва, Красная пл., д. 3",771032004,"от 25.05.2018 №2007",28.05.2018
18,13,"Общество с ограниченной ответственностью ""Свотч Групп (РУС)""","ООО ""Свотч Групп (РУС)""",7704582037,1057749487388,,"г. Москва, Красная пл., д. 3",771045003,"от 25.05.2018 №2007",28.05.2018
19,1,"Общество с ограниченной ответственностью ""Лоншам Руси""","ООО ""Лоншам Руси""",7704852029,5137746160151,,"г. Москва, Красная пл., д. 3",771045001,"от 08.05.2018 №1805",10.05.2018
20,1,"Общество с ограниченной ответственностью ""Самсонайт""","ООО ""Самсонайт""",7706644419,1067761645665,,"Московская область, г. Красногорск, ул. Международная, д. 12",502445002,"от 25.05.2018 №2007",28.05.2018
20,2,"Общество с ограниченной ответственностью ""Самсонайт""","ООО ""Самсонайт""",7706644419,1067761645665,,"г. Екатеринбург, ул. 8 марта, д. 46",667145001,"от 18.06.2018 №2370",19.06.2018
20,3,"Общество с ограниченной ответственностью ""Самсонайт""","ООО ""Самсонайт""",7706644419,1067761645665,,"г. Екатеринбург, ул. 8 марта, д. 46",667145002,"от 18.06.2018 №2370",19.06.2018
20,4,"Общество с ограниченной ответственностью ""Самсонайт""","ООО ""Самсонайт""",7706644419,1067761645665,,"г. Москва, Красная пл., д. 3",771045001,"от 25.05.2018 №2007",28.05.2018
21,1,"Открытое акционерное общество ""Торговый дом ЦУМ""","ОАО ""ТД ЦУМ""",7707073366,1027739063208,"г. Москва, ул. Петровка, д. 2, строение 1,2",,,"от 06.04.2018 №1307",09.04.2018
21,2,"Открытое акционерное общество ""Торговый дом ЦУМ""","ОАО ""ТД ЦУМ""",7707073366,1027739063208,,"г. Санкт-Петербург, ул. Большая Конюшенная, д. 21-23, литер А",784145001,"от 06.04.2018 №1307",09.04.2018
22,1,"Акционерное общество ""ЗАРА СНГ""","АО ""Зара СНГ""",7707099460,1027700429690,,"Республиа Татарстан, просп. Ямашева, д. 46/33",165745001,"от 25.05.2018 №2007",28.05.2018
22,2,"Акционерное общество ""ЗАРА СНГ""","АО ""Зара СНГ""",7707099460,1027700429690,,"Республиа Татарстан, просп. Победы, д. 141",166032001,"от 25.05.2018 №2007",28.05.2018
22,3,"Акционерное общество ""ЗАРА СНГ""","АО ""Зара СНГ""",7707099460,1027700429690,,"Волгоградская область, г. Волгоград, ул. Рабоче-Крестьянская, д. 9Б",344545001,"от 25.05.2018 №2007",28.05.2018
22,4,"Акционерное общество ""ЗАРА СНГ""","АО ""Зара СНГ""",7707099460,1027700429690,,"Калининградская область, г. Калининград, ул. Театральная, д. 30",390632001,"от 25.05.2018 №2007",28.05.2018
22,5,"Акционерное общество ""ЗАРА СНГ""","АО ""Зара СНГ""",7707099460,1027700429690,,"Московская область, г. Красногорск, ул. Международная, д. 12",502445002,"от 08.05.2018 №1805",10.05.2018
22,6,"Акционерное общество ""ЗАРА СНГ""","АО ""Зара СНГ""",7707099460,1027700429690,,"Ростовская область, г. Ростов-на-Дону, просп. Михаила Нагибина, 32/2",616132001,"от 25.05.2018 №2007",28.05.2018
22,7,"Акционерное общество ""ЗАРА СНГ""","АО ""Зара СНГ""",7707099460,1027700429690,,"Ростовская область, г. Ростов-на-Дону, ул. Малиновского, д. 25",616845001,"от 25.05.2018 №2007",28.05.2018
22,8,"Акционерное общество ""ЗАРА СНГ""","АО ""Зара СНГ""",7707099460,1027700429690,,"Самарская область, г. Самара, Московское шоссе, 24 км, д. 5",631345001,"от 25.05.2018 №2007",28.05.2018
22,9,"Акционерное общество ""ЗАРА СНГ""","АО ""Зара СНГ""",7707099460,1027700429690,,"Свердловская область, г. Екатеринбург, ул. 8 Марта, д. 46",667145001,"от 25.05.2018 №2007",28.05.2018
23,1,"Акционерное Общество ""Эрмес Рус""","АО ""Эрмес Рус""",7707286653,1027700320658,,"г. Москва, Красная пл., д. 3",771045001,"от 25.05.2018 №2007",28.05.2018
24,1,"Общество с ограниченной ответственностью ""Роникс""","ООО ""Роникс""",7707341329,1157746438255,,"г. Красногорск, ул. Междунородная, д. 8",502445001,"от 09.06.2018 №2296",13.06.2018
25,1,"Общество с ограниченной ответственностью ""КЛ РУССИ""","ООО ""КЛ РУССИ""",7707352176,1157746899144,,"г. Москва, ул. Петровка, д. 2, строение 2",770745002,"от 06.04.2018 №1307",09.04.2018
25,2,"Общество с ограниченной ответственностью ""КЛ РУССИ""","ООО ""КЛ РУССИ""",7707352176,1157746899144,,"г. Санкт-Петербург, ул. Большая Конюшенная, д. 21-23, литер А",784145001,"от 06.04.2018 №1307",09.04.2018
26,1,"Общество с ограниченной ответственностью ""М.ВИДЕО МЕНЕДЖМЕНТ""","ООО ""М.Видео Менеджмент""",7707548740,1057746840095,,"г. Саранск, ул. Богдана Хмельницкого, д. 28",132645001,"от 09.06.2018 №2296",13.06.2018
26,2,"Общество с ограниченной ответственностью ""М.ВИДЕО МЕНЕДЖМЕНТ""","ООО ""М.Видео Менеджмент""",7707548740,1057746840095,,"г. Саранск, ул. Волгоградская, д. 71",132845001,"от 09.06.2018 №2296",13.06.2018
26,3,"Общество с ограниченной ответственностью ""М.ВИДЕО МЕНЕДЖМЕНТ""","ООО ""М.Видео Менеджмент""",7707548740,1057746840095,,"г. Казань, ул. Петербургская, д. 1",165531001,"от 09.06.2018 №2296",13.06.2018
26,4,"Общество с ограниченной ответственностью ""М.ВИДЕО МЕНЕДЖМЕНТ""","ООО ""М.Видео Менеджмент""",7707548740,1057746840095,,"г. Казань, пр. Победы, д. 141",166032002,"от 09.06.2018 №2296",13.06.2018
26,5,"Общество с ограниченной ответственностью ""М.ВИДЕО МЕНЕДЖМЕНТ""","ООО ""М.Видео Менеджмент""",7707548740,1057746840095,,"г. Волгоград, ул. им. Землячки, д. 110Б",344345001,"от 09.06.2018 №2296",13.06.2018
26,6,"Общество с ограниченной ответственностью ""М.ВИДЕО МЕНЕДЖМЕНТ""","ООО ""М.Видео Менеджмент""",7707548740,1057746840095,,"г. Волгоград, пр. им. В.И.Ленина, д. 54Б",344445001,"от 09.06.2018 №2296",13.06.2018
26,7,"Общество с ограниченной ответственностью ""М.ВИДЕО МЕНЕДЖМЕНТ""","ООО ""М.Видео Менеджмент""",7707548740,1057746840095,,"г. Калининград, ул. Профессора Баранова, д. 40",390645001,"от 09.06.2018 №2296",13.06.2018
26,8,"Общество с ограниченной ответственностью ""М.ВИДЕО МЕНЕДЖМЕНТ""","ООО ""М.Видео Менеджмент""",7707548740,1057746840095,,"г. Красногорск, ул. Международная, д. 12",502445002,"от 09.06.2018 №2296",13.06.2018
26,9,"Общество с ограниченной ответственностью ""М.ВИДЕО МЕНЕДЖМЕНТ""","ООО ""М.Видео Менеджмент""",7707548740,1057746840095,,"г. Нижний Новгород, ул. Бетанкура, д. 1",525745001,"от 09.06.2018 №2296",13.06.2018
26,10,"Общество с ограниченной ответственностью ""М.ВИДЕО МЕНЕДЖМЕНТ""","ООО ""М.Видео Менеджмент""",7707548740,1057746840095,,"г. Ростов-на-Дону, ул. Пойменная, д. 1",616445001,"от 09.06.2018 №2296",13.06.2018
26,11,"Общество с ограниченной ответственностью ""М.ВИДЕО МЕНЕДЖМЕНТ""","ООО ""М.Видео Менеджмент""",7707548740,1057746840095,,"г. Самара, Московское шоссе, 18 км, д. 25А",631232001,"от 09.06.2018 №2296",13.06.2018
26,12,"Общество с ограниченной ответственностью ""М.ВИДЕО МЕНЕДЖМЕНТ""","ООО ""М.Видео Менеджмент""",7707548740,1057746840095,,"г. Самара, Московское шоссе, 24 км, д.5",631345001,"от 09.06.2018 №2296",13.06.2018
26,13,"Общество с ограниченной ответственностью ""М.ВИДЕО МЕНЕДЖМЕНТ""","ООО ""М.Видео Менеджмент""",7707548740,1057746840095,,"г. Екатеринбург, ул. 8 марта, д. 46",667145002,"от 09.06.2018 №2296",13.06.2018
27,1,"ОБЩЕСТВО С ОГРАНИЧЕННОЙ ОТВЕТСТВЕННОСТЬЮ ""КРИСТИАН ДИОР КУТЮР СТОЛЕШНИКОВ""","ООО ""КРИСТИАН ДИОР КУТЮР СТОЛЕШНИКОВ""",7707583102,1067746457239,,"г. Москва, ул. Петровка, д. 2, строение 2",770745002,"от 06.04.2018 №1307",09.04.2018
27,2,"ОБЩЕСТВО С ОГРАНИЧЕННОЙ ОТВЕТСТВЕННОСТЬЮ ""КРИСТИАН ДИОР КУТЮР СТОЛЕШНИКОВ""","ООО ""КРИСТИАН ДИОР КУТЮР СТОЛЕШНИКОВ""",7707583102,1067746457239,,"г. Москва, Красная пл., д. 3",771045001,"от 06.04.2018 №1307",09.04.2018
28,1,"Общество с ограниченной ответственностью ""Леви Штраусс Москва""","ООО ""Леви Штраусс Москва""",7707672105,1087746970673,,"г. Казань, пр. Победы, д. 141",166045001,"от 23.07.2018 №2885",
28,2,"Общество с ограниченной ответственностью ""Леви Штраусс Москва""","ООО ""Леви Штраусс Москва""",7707672105,1087746970673,,"г. Волгоград, ул. им. Землячки, д. 110Б",344345001,"от 23.07.2018 №2885",
28,3,"Общество с ограниченной ответственностью ""Леви Штраусс Москва""","ООО ""Леви Штраусс Москва""",7707672105,1087746970673,,"г. Красногорск, ул. Международная, д. 12",502445002,"от 23.07.2018 №2885",
28,4,"Общество с ограниченной ответственностью ""Леви Штраусс Москва""","ООО ""Леви Штраусс Москва""",7707672105,1087746970673,,"г. Ростов-на-Дону, ул. Малиновского, д. 25",616845001,"от 23.07.2018 №2885",
28,5,"Общество с ограниченной ответственностью ""Леви Штраусс Москва""","ООО ""Леви Штраусс Москва""",7707672105,1087746970673,,"г. Екатеринбург, ул. 8 марта, д. 46",667145001,"от 23.07.2018 №2885",
28,6,"Общество с ограниченной ответственностью ""Леви Штраусс Москва""","ООО ""Леви Штраусс Москва""",7707672105,1087746970673,,"г. Москва, Красная пл., д. 3",774345020,"от 23.07.2018 №2885",
29,1,"Общество с ограниченной ответственностью ""Меркурий""","ООО ""Меркурий""",7707826404,1147746146712,,"Московская область, г. Красногорск, ул. Международная, д. 8",502445001,"от 06.04.2018 №1307",09.04.2018
29,2,"Общество с ограниченной ответственностью ""Меркурий""","ООО ""Меркурий""",7707826404,1147746146712,,"г. Москва, Смоленская пл., д. 3",770445001,"от 06.04.2018 №1307",09.04.2018
29,3,"Общество с ограниченной ответственностью ""Меркурий""","ООО ""Меркурий""",7707826404,1147746146712,,"г. Москва, Красная пл., д. 3",771045001,"от 06.04.2018 №1307",09.04.2018
30,1,"Общество с ограниченной ответственностью ""ГУЧЧИ РУС""","ООО ""ГУЧЧИ РУС""",7708790060,1137746449280,,"г. Москва, ул. Петровка, д. 2, строение 2",770045005,"от 25.05.2018 №2007",28.05.2018
30,2,"Общество с ограниченной ответственностью ""ГУЧЧИ РУС""","ООО ""ГУЧЧИ РУС""",7708790060,1137746449280,,"г. Москва, ул. Петровка, д. 2, строение 2",770745001,"от 25.05.2018 №2007",28.05.2018
30,3,"Общество с ограниченной ответственностью ""ГУЧЧИ РУС""","ООО ""ГУЧЧИ РУС""",7708790060,1137746449280,,"г. Москва, ул. Новый Арбат, 19",770745002,"от 25.05.2018 №2007",28.05.2018
30,4,"Общество с ограниченной ответственностью ""ГУЧЧИ РУС""","ООО ""ГУЧЧИ РУС""",7708790060,1137746449280,,"г. Москва, Красная пл., д. 3",770745004,"от 25.05.2018 №2007",28.05.2018
30,5,"Общество с ограниченной ответственностью ""ГУЧЧИ РУС""","ООО ""ГУЧЧИ РУС""",7708790060,1137746449280,,"г. Москва, ул. Петровка, д. 2, строение 2",770745006,"от 25.05.2018 №2007",28.05.2018
30,6,"Общество с ограниченной ответственностью ""ГУЧЧИ РУС""","ООО ""ГУЧЧИ РУС""",7708790060,1137746449280,,"г. Москва, ул. Петровка, д. 2, строение 2",770745007,"от 25.05.2018 №2007",28.05.2018
31,1,"Общество с ограниченной ответственностью ""реСтор""","ООО ""реСтор""",7709678550,1067746613065,,"г. Казань, пр. Победы, д. 141",166045001,"от 23.07.2018 №2885",
31,2,"Общество с ограниченной ответственностью ""реСтор""","ООО ""реСтор""",7709678550,1067746613065,,"г. Волгоград, пр. им. В.И.Ленина, д. 54Б",344445001,"от 23.07.2018 №2885",
31,3,"Общество с ограниченной ответственностью ""реСтор""","ООО ""реСтор""",7709678550,1067746613065,,"г. Красногорск, ул. Международная, д. 12",502445001,"от 23.07.2018 №2885",
31,4,"Общество с ограниченной ответственностью ""реСтор""","ООО ""реСтор""",7709678550,1067746613065,,"г. Самара, Московское шоссе, 24 км, д. 5",631345001,"от 23.07.2018 №2885",
31,5,"Общество с ограниченной ответственностью ""реСтор""","ООО ""реСтор""",7709678550,1067746613065,,"г. Екатеринбург, ул. 8 марта, д. 46",667145001,"от 23.07.2018 №2885",
31,6,"Общество с ограниченной ответственностью ""реСтор""","ООО ""реСтор""",7709678550,1067746613065,,"г. Екатеринбург, ул. Вайнера, д. 9",667145002,"от 23.07.2018 №2885",
31,7,"Общество с ограниченной ответственностью ""реСтор""","ООО ""реСтор""",7709678550,1067746613065,,"г. Москва, Красная пл., д. 3",771045003,"от 23.07.2018 №2885",
32,1,"Общество с ограниченной ответственностью ""САНТОЧА""","ООО ""САНТОЧА""",7709695122,5067746131052,,"г. Красногорск, ул. Международная, д. 12",502445002,"от 13.07.2018 №2753",
32,2,"Общество с ограниченной ответственностью ""САНТОЧА""","ООО ""САНТОЧА""",7709695122,5067746131052,,"г. Нижний Новгород, ул. Бетанкура, д. 1",525745001,"от 13.07.2018 №2753",
32,3,"Общество с ограниченной ответственностью ""САНТОЧА""","ООО ""САНТОЧА""",7709695122,5067746131052,,"г. Самара, Московское шоссе, 24 км, д.5",631345001,"от 13.07.2018 №2753",
33,1,"Общество с ограниченной ответственностью ""ЛОДЕ""","ООО ""ЛОДЕ""",7709828703,1097746207723,,"Московская область, г. Красногорск, ул. Международная, д. 12",502445001,"от 25.04.2018 №1667",26.04.2018
33,2,"Общество с ограниченной ответственностью ""ЛОДЕ""","ООО ""ЛОДЕ""",7709828703,1097746207723,,"г. Самара, Московское шоссе, 24 км, д.5",631345001,"от 09.06.2018 №2296",13.06.2018
33,3,"Общество с ограниченной ответственностью ""ЛОДЕ""","ООО ""ЛОДЕ""",7709828703,1097746207723,,"г. Екатеринбург, ул. 8 марта, д. 46",667145001,"от 09.06.2018 №2296",13.06.2018
33,4,"Общество с ограниченной ответственностью ""ЛОДЕ""","ООО ""ЛОДЕ""",7709828703,1097746207723,,"г. Москва, Красная пл., д. 3",771045001,"от 25.04.2018 №1667",26.04.2018
34,1,"Общество с ограниченной ответственностью ""Тиффани Раша""","ООО ""Тиффани Раша""",7709901304,1127746272697,"г. Москва, Красная пл., д. 3",,,"от 18.06.2018 №2370",19.06.2018
34,2,"Общество с ограниченной ответственностью ""Тиффани Раша""","ООО ""Тиффани Раша""",7709901304,1127746272697,,"г. Москва, ул. Петровка, д. 10",770745001,"от 09.06.2018 №2296",13.06.2018
35,1,"Акционерное общество ""Торговый Дом ГУМ""","АО ""ТД ГУМ""",7710035963,1027739098287,"г. Москва, Красная пл., д. 3",,,"от 06.04.2018 №1307",09.04.2018
36,1,"Общество с ограниченной ответственностью ""Луи Вюиттон Восток""","ООО ""Луи Вюиттон Восток""",7710378784,1027739376433,,"Краснодарский край, г. Сочи, ул. Войкова, д. 1",232045001,"от 25.05.2018 №2007",28.05.2018
36,2,"Общество с ограниченной ответственностью ""Луи Вюиттон Восток""","ООО ""Луи Вюиттон Восток""",7710378784,1027739376433,,"г. Москва, Красная пл., д. 3",770745002,"от 25.05.2018 №2007",28.05.2018
36,3,"Общество с ограниченной ответственностью ""Луи Вюиттон Восток""","ООО ""Луи Вюиттон Восток""",7710378784,1027739376433,,"г. Москва, ул. Петровка, д. 2, строение 2",770745003,"от 25.05.2018 №2007",28.05.2018
37,1,"Общество с ограниченной ответственностью ""Фрай Вилле""","ООО ""Фрай Вилле""",7710505993,1037739867659,,"г. Москва, Красная пл., д. 3",771045001,"от 13.07.2018 №2753",
38,1,"Общество с ограниченной ответственностью ""Магазины Боско""","ООО ""Магазины Боско""",7710628219,1067746596356,"г. Москва, Красная пл., д. 3",,,"от 06.04.2018 №1307",09.04.2018
38,2,"Общество с ограниченной ответственностью ""Магазины Боско""","ООО ""Магазины Боско""",7710628219,1067746596356,,"г. Москва, ул. Новый Арбат, 19",770445001,"от 06.04.2018 №1307",09.04.2018
38,3,"Общество с ограниченной ответственностью ""Магазины Боско""","ООО ""Магазины Боско""",7710628219,1067746596356,,"г. Москва, Смоленская пл., д. 3",770445003,"от 06.04.2018 №1307",09.04.2018
38,4,"Общество с ограниченной ответственностью ""Магазины Боско""","ООО ""Магазины Боско""",7710628219,1067746596356,,"г. Москва, Петровка, д. 10",770745001,"от 06.04.2018 №1307",09.04.2018
38,5,"Общество с ограниченной ответственностью ""Магазины Боско""","ООО ""Магазины Боско""",7710628219,1067746596356,,"г. Москва, Ветошный пер., д. 17",771045001,"от 06.04.2018 №1307",09.04.2018
39,1,"Общество с ограниченной ответственностью ""Стелла Сити Ритейл""","ООО ""Стелла Сити Ритейл""",7710628762,1067746610788,,"г. Москва, Красная пл., д. 3",771032001,"от 09.06.2018 №2296",13.06.2018
40,1,"Общество с ограниченной ответственностью ""Утерке СНГ""","ООО ""Утерке СНГ""",7710760087,1097746746327,,"Московская область, г. Красногорск, ул. Международная, д. 12",502445001,"от 06.04.2018 №1307",09.04.2018
41,1,"Общество с ограниченной ответственностью ""ТВИНСЕТ ИСТ""","ООО ""ТВИНСЕТ ИСТ""",7710959813,1147746352588,,"г. Москва, Красная пл., д. 3",771045001,"от 13.07.2018 №2754",
42,1,"Общество с ограниченной ответственностью ""Булгари Раша""","ООО ""Булгари Раша""",7710969160,5147746166002,"г. Москва, Красная пл., д. 3",,,"от 08.05.2018 №1805",10.05.2018
43,1,"Общество с ограниченной ответственностью ""Фенди Ру""","ООО ""Фенди Ру""",7710969970,5147746213973,,"г. Москва, ул. Петровка, д. 2, строение 2",770745001,"от 25.05.2018 №2007",28.05.2018
43,2,"Общество с ограниченной ответственностью ""Фенди Ру""","ООО ""Фенди Ру""",7710969970,5147746213973,,"г. Москва, ул. Петровка, д. 2, строение 2",770745002,"от 25.05.2018 №2007",28.05.2018
44,1,"Общество с ограниченной ответственностью ""БЕРБЕРРИ РИТЕЙЛ""","ООО ""БЕРБЕРРИ РИТЕЙЛ""",7714913859,1137746767366,,"г. Москва, Красная пл., д. 3",771045001,"от 09.06.2018 №2296",13.06.2018
45,1,"Общество с ограниченной ответственностью ""ЭЛЬДОРАДО""","ООО ""ЭЛЬДОРАДО""",7715641735,5077746354450,,"г. Саранск, ул. Советская, д. 55А",132645001,"от 23.07.2018 №2885",
45,2,"Общество с ограниченной ответственностью ""ЭЛЬДОРАДО""","ООО ""ЭЛЬДОРАДО""",7715641735,5077746354450,,"г. Казань, пр. Ямашева, д. 97",165732002,"от 23.07.2018 №2885",
45,3,"Общество с ограниченной ответственностью ""ЭЛЬДОРАДО""","ООО ""ЭЛЬДОРАДО""",7715641735,5077746354450,,"г. Ростов-на-Дону, пр. Михаила Нагибина, д. 17",616545002,"от 23.07.2018 №2885",
46,1,"Общество с ограниченной ответственностью ""Ирида-Плей""","ООО ""Ирида-Плей""",7717106765,1027700041643,,"г. Москва, Красная пл., д. 3",771045001,"от 08.05.2018 №1805",10.05.2018
47,1,"Общество с ограниченной ответственностью ""Страдивариус СНГ""","ООО ""Страдивариус СНГ""",7717555217,1067746458394,,"Республиа Татарстан, просп. Ямашева, д. 46/33",165745001,"от 25.05.2018 №2007",28.05.2018
47,2,"Общество с ограниченной ответственностью ""Страдивариус СНГ""","ООО ""Страдивариус СНГ""",7717555217,1067746458394,,"Республика Татарстан, г. Казань, проспект Победы, д. 141",166045001,"от 25.05.2018 №2007",28.05.2018
47,3,"Общество с ограниченной ответственностью ""Страдивариус СНГ""","ООО ""Страдивариус СНГ""",7717555217,1067746458394,,"Калининградская область, г. Калининград, ул. Театральная, д. 30",390632001,"от 25.05.2018 №2007",28.05.2018
47,4,"Общество с ограниченной ответственностью ""Страдивариус СНГ""","ООО ""Страдивариус СНГ""",7717555217,1067746458394,,"Московская область, г. Красногорск, ул. Международная, д. 12",502445002,"от 06.04.2018 №1307",09.04.2018
47,5,"Общество с ограниченной ответственностью ""Страдивариус СНГ""","ООО ""Страдивариус СНГ""",7717555217,1067746458394,,"Ростовская область, г. Ростов-на-Дону, просп. Михаила Нагибина, 32/2",616132001,"от 25.05.2018 №2007",28.05.2018
47,6,"Общество с ограниченной ответственностью ""Страдивариус СНГ""","ООО ""Страдивариус СНГ""",7717555217,1067746458394,,"Самарская область, г. Самара, Московское шоссе, 24 км, д. 5",631345001,"от 25.05.2018 №2007",28.05.2018
47,7,"Общество с ограниченной ответственностью ""Страдивариус СНГ""","ООО ""Страдивариус СНГ""",7717555217,1067746458394,,"Самарская область, г. Самара, ул. Ново-Садовая, 160М",631645001,"от 25.05.2018 №2007",28.05.2018
47,8,"Общество с ограниченной ответственностью ""Страдивариус СНГ""","ООО ""Страдивариус СНГ""",7717555217,1067746458394,,"Свердловская область, г. Екатеринбург, ул. 8 Марта, д. 46",667145001,"от 25.05.2018 №2007",28.05.2018
48,1,"Общество с ограниченной ответственностью ""Бершка СНГ""","ООО ""Бершка СНГ""",7717555224,1067746458823,,"Республика Мордовия, г. Саранск, ул. Волгоградская, д. 71",132845001,"от 25.05.2018 №2007",28.05.2018
48,2,"Общество с ограниченной ответственностью ""Бершка СНГ""","ООО ""Бершка СНГ""",7717555224,1067746458823,,"г. Казань, пр. Ямашева, д. 46/33",165745001,"от 18.06.2018 №2370",19.06.2018
48,3,"Общество с ограниченной ответственностью ""Бершка СНГ""","ООО ""Бершка СНГ""",7717555224,1067746458823,,"Республика Татарстан, г. Казань, проспект Победы, д. 141",166032001,"от 25.05.2018 №2007",28.05.2018
48,4,"Общество с ограниченной ответственностью ""Бершка СНГ""","ООО ""Бершка СНГ""",7717555224,1067746458823,,"Волгоградская область, г. Волгоград, ул. Рабоче-Крестьянская, д. 9Б",346045002,"от 25.05.2018 №2007",28.05.2018
48,5,"Общество с ограниченной ответственностью ""Бершка СНГ""","ООО ""Бершка СНГ""",7717555224,1067746458823,,"Калининградская область, г. Калининград, ул. Театральная, д. 30",390632002,"от 25.05.2018 №2007",28.05.2018
48,6,"Общество с ограниченной ответственностью ""Бершка СНГ""","ООО ""Бершка СНГ""",7717555224,1067746458823,,"Московская область, г. Красногорск, ул. Международная, д. 12",502445002,"от 08.05.2018 №1805",10.05.2018
48,7,"Общество с ограниченной ответственностью ""Бершка СНГ""","ООО ""Бершка СНГ""",7717555224,1067746458823,,"Ростовская область, г. Ростов-на-Дону, просп. Михаила Нагибина, 32/2",616132001,"от 25.05.2018 №2007",28.05.2018
48,8,"Общество с ограниченной ответственностью ""Бершка СНГ""","ООО ""Бершка СНГ""",7717555224,1067746458823,,"Самарская область, г. Самара, Московское шоссе, 24 км, д. 5",631345001,"от 25.05.2018 №2007",28.05.2018
48,9,"Общество с ограниченной ответственностью ""Бершка СНГ""","ООО ""Бершка СНГ""",7717555224,1067746458823,,"Самарская область, г. Самара, ул. Ново-Садовая, 160М",631645001,"от 25.05.2018 №2007",28.05.2018
48,10,"Общество с ограниченной ответственностью ""Бершка СНГ""","ООО ""Бершка СНГ""",7717555224,1067746458823,,"Свердловская область, г. Екатеринбург, ул. 8 Марта, д. 46",667145001,"от 25.05.2018 №2007",28.05.2018
49,1,"Общество с ограниченной ответственностью ""Пулл энд Беар СНГ""","ООО ""Пул энд Беар СНГ""",7717555231,1067746459032,,"Республика Мордовия, г. Саранск, ул. Волгоградская, д. 71",132845001,"от 13.07.2018 №2753",
49,2,"Общество с ограниченной ответственностью ""Пулл энд Беар СНГ""","ООО ""Пул энд Беар СНГ""",7717555231,1067746459032,,"г. Казань, пр. Ямашева, д. 46/33",165745001,"от 09.06.2018 №2296",13.06.2018
49,3,"Общество с ограниченной ответственностью ""Пулл энд Беар СНГ""","ООО ""Пул энд Беар СНГ""",7717555231,1067746459032,,"г. Казань, пр. Победы, д. 141",166032001,"от 09.06.2018 №2296",13.06.2018
49,4,"Общество с ограниченной ответственностью ""Пулл энд Беар СНГ""","ООО ""Пул энд Беар СНГ""",7717555231,1067746459032,,"г. Волгоград, ул. Рабоче-Крестьянская, д. 9Б",346045002,"от 09.06.2018 №2296",13.06.2018
49,5,"Общество с ограниченной ответственностью ""Пулл энд Беар СНГ""","ООО ""Пул энд Беар СНГ""",7717555231,1067746459032,,"г. Калининград, ул. Театральная, д. 30",390632003,"от 09.06.2018 №2296",13.06.2018
49,6,"Общество с ограниченной ответственностью ""Пулл энд Беар СНГ""","ООО ""Пул энд Беар СНГ""",7717555231,1067746459032,,"г. Красногорск, ул. Международная, д. 12",502445002,"от 09.06.2018 №2296",13.06.2018
49,7,"Общество с ограниченной ответственностью ""Пулл энд Беар СНГ""","ООО ""Пул энд Беар СНГ""",7717555231,1067746459032,,"г. Ростов-на-Дону, пр. Михаила Нагибина, д. 32/2",616132001,"от 09.06.2018 №2296",13.06.2018
49,8,"Общество с ограниченной ответственностью ""Пулл энд Беар СНГ""","ООО ""Пул энд Беар СНГ""",7717555231,1067746459032,,"г. Самара, Московское шоссе, 24 км, д.5",631345001,"от 09.06.2018 №2296",13.06.2018
49,9,"Общество с ограниченной ответственностью ""Пулл энд Беар СНГ""","ООО ""Пул энд Беар СНГ""",7717555231,1067746459032,,"г. Самара, ул. Ново-Садовая, д. 160М",631645001,"от 09.06.2018 №2296",13.06.2018
49,10,"Общество с ограниченной ответственностью ""Пулл энд Беар СНГ""","ООО ""Пул энд Беар СНГ""",7717555231,1067746459032,,"г. Екатеринбург, ул. 8 марта, д. 46",667145001,"от 09.06.2018 №2296",13.06.2018
50,1,"Общество с ограниченной ответственностью ""Массимо Дутти""","ООО ""Массимо Дутти""",7717555256,1067746461144,,"Республиа Татарстан, просп. Победы, д. 141",166045001,"от 25.05.2018 №2007",28.05.2018
50,2,"Общество с ограниченной ответственностью ""Массимо Дутти""","ООО ""Массимо Дутти""",7717555256,1067746461144,,"Волгоградская область, г. Волгоград, ул. Рабоче-Крестьянская, д. 9Б",346045002,"от 25.05.2018 №2007",28.05.2018
50,3,"Общество с ограниченной ответственностью ""Массимо Дутти""","ООО ""Массимо Дутти""",7717555256,1067746461144,,"Московская область, г. Красногорск, ул. Международная, д. 12",502445002,"от 06.04.2018 №1307",09.04.2018
50,4,"Общество с ограниченной ответственностью ""Массимо Дутти""","ООО ""Массимо Дутти""",7717555256,1067746461144,,"Ростовская область, г. Ростов-на-Дону, просп. Михаила Нагибина, 32/2",616145001,"от 25.05.2018 №2007",28.05.2018
50,5,"Общество с ограниченной ответственностью ""Массимо Дутти""","ООО ""Массимо Дутти""",7717555256,1067746461144,,"Самарская область, г. Самара, п. Мехзавод, 24-й километр, д. 5",631345001,"от 25.05.2018 №2007",28.05.2018
50,6,"Общество с ограниченной ответственностью ""Массимо Дутти""","ООО ""Массимо Дутти""",7717555256,1067746461144,,"Свердловская область, г. Екатеринбург, ул. 8 Марта, д. 46",667145001,"от 25.05.2018 №2007",28.05.2018
51,1,"Общество с ограниченной ответственностью ""Ойшо СНГ""","ООО ""Ойшо СНГ""",7717574107,1067760098856,,"Республиа Татарстан, просп. Победы, д. 141",166045001,"от 25.05.2018 №2007",28.05.2018
51,2,"Общество с ограниченной ответственностью ""Ойшо СНГ""","ООО ""Ойшо СНГ""",7717574107,1067760098856,,"Калининградская область, г. Калининград, ул. Театральная, д. 30",390632002,"от 25.05.2018 №2007",28.05.2018
51,3,"Общество с ограниченной ответственностью ""Ойшо СНГ""","ООО ""Ойшо СНГ""",7717574107,1067760098856,,"Московская область, г. Красногорск, ул. Международная, д. 12",502445002,"от 06.04.2018 №1307",09.04.2018
51,4,"Общество с ограниченной ответственностью ""Ойшо СНГ""","ООО ""Ойшо СНГ""",7717574107,1067760098856,,"Ростовская область, г. Ростов-на-Дону, просп. Михаила Нагибина, 32/2",616132001,"от 25.05.2018 №2007",28.05.2018
51,5,"Общество с ограниченной ответственностью ""Ойшо СНГ""","ООО ""Ойшо СНГ""",7717574107,1067760098856,,"Самарская область, г. Самара, п. Мехзавод, 24-й километр, д. 5",631345001,"от 25.05.2018 №2007",28.05.2018
51,6,"Общество с ограниченной ответственностью ""Ойшо СНГ""","ООО ""Ойшо СНГ""",7717574107,1067760098856,,"Свердловская область, г. Екатеринбург, ул. 8 Марта, д. 46",667145001,"от 25.05.2018 №2007",28.05.2018
52,1,"Общество с ограниченной ответственностью ""АДЛОН СТАНДАРТ""","ООО ""АДЛОН СТАНДАРТ""",7718173250,1027700510914,"г. Москва, Третьяковский проезд д. 1/19-21",,,"от 25.04.2018 №1667",26.04.2018
53,1,"Общество с ограниченной ответственностью ""Прада Рус""","ООО ""Прада Рус""",7718729515,5087746377120,,"Московская область, г. Красногорск, ул. Международная, д. 8",502445001,"от 25.05.2018 №2007",28.05.2018
53,2,"Общество с ограниченной ответственностью ""Прада Рус""","ООО ""Прада Рус""",7718729515,5087746377120,,"Московская область, г. Красногорск, ул. Международная, д. 8",502445002,"от 25.05.2018 №2007",28.05.2018
53,3,"Общество с ограниченной ответственностью ""Прада Рус""","ООО ""Прада Рус""",7718729515,5087746377120,,"г. Москва, ул. Новый Арбат, 19",770445001,"от 25.05.2018 №2007",28.05.2018
53,4,"Общество с ограниченной ответственностью ""Прада Рус""","ООО ""Прада Рус""",7718729515,5087746377120,,"г. Москва, ул. Петровка, д. 2, строение 2",770745003,"от 25.05.2018 №2007",28.05.2018
53,5,"Общество с ограниченной ответственностью ""Прада Рус""","ООО ""Прада Рус""",7718729515,5087746377120,,"г. Москва, ул. Петровка, д. 2, строение 2",770745004,"от 25.05.2018 №2007",28.05.2018
53,6,"Общество с ограниченной ответственностью ""Прада Рус""","ООО ""Прада Рус""",7718729515,5087746377120,,"г. Москва, ул. Петровка, д. 2, строение 2",770745006,"от 25.05.2018 №2007",28.05.2018
53,7,"Общество с ограниченной ответственностью ""Прада Рус""","ООО ""Прада Рус""",7718729515,5087746377120,,"г. Москва, ул. Петровка, д. 2, строение 2",770745007,"от 25.05.2018 №2007",28.05.2018
53,8,"Общество с ограниченной ответственностью ""Прада Рус""","ООО ""Прада Рус""",7718729515,5087746377120,,"г. Москва, ул. Петровка, д. 2, строение 2",770745011,"от 25.05.2018 №2007",28.05.2018
53,9,"Общество с ограниченной ответственностью ""Прада Рус""","ООО ""Прада Рус""",7718729515,5087746377120,,"г. Москва, Красная пл., д. 3",771045001,"от 25.05.2018 №2007",28.05.2018
53,10,"Общество с ограниченной ответственностью ""Прада Рус""","ООО ""Прада Рус""",7718729515,5087746377120,,"г. Москва, Красная пл., д. 3",771045002,"от 25.05.2018 №2007",28.05.2018
54,1,"Общество с ограниченной ответственностью ""Икстрим""","ООО ""Икстрим""",7723875857,1137746535717,,"г. Казань, пр. Победы, д. 141",166045001,"от 23.07.2018 №2885",
54,2,"Общество с ограниченной ответственностью ""Икстрим""","ООО ""Икстрим""",7723875857,1137746535717,,"г. Казань, пр. Победы, д. 91",166045002,"от 23.07.2018 №2885",
54,3,"Общество с ограниченной ответственностью ""Икстрим""","ООО ""Икстрим""",7723875857,1137746535717,,"г. Красногорск, ул. Международная, д. 12",502445001,"от 23.07.2018 №2885",
54,4,"Общество с ограниченной ответственностью ""Икстрим""","ООО ""Икстрим""",7723875857,1137746535717,,"г. Екатеринбург, ул. 8 марта, д. 46",667145001,"от 23.07.2018 №2885",
55,1,"Открытое акционерное общество ""Московский ювелирный завод""","ОАО ""МЮЗ""",7724181241,1027700201902,,"г. Саранск, ул. Советская, д. 55А",132645001,"от 23.07.2018 №2885",
55,2,"Открытое акционерное общество ""Московский ювелирный завод""","ОАО ""МЮЗ""",7724181241,1027700201902,,"г. Саранск, ул. Волгоградская, д. 71",132845001,"от 23.07.2018 №2885",
55,3,"Открытое акционерное общество ""Московский ювелирный завод""","ОАО ""МЮЗ""",7724181241,1027700201902,,"г. Казань, ул. Петербургская, д. 1",165532002,"от 23.07.2018 №2885",
55,4,"Открытое акционерное общество ""Московский ювелирный завод""","ОАО ""МЮЗ""",7724181241,1027700201902,,"г. Казань, пр. Ямашева, д. 46/33",165745002,"от 23.07.2018 №2885",
55,5,"Открытое акционерное общество ""Московский ювелирный завод""","ОАО ""МЮЗ""",7724181241,1027700201902,,"г. Казань, пр. Победы, д. 141",166032002,"от 23.07.2018 №2885",
55,6,"Открытое акционерное общество ""Московский ювелирный завод""","ОАО ""МЮЗ""",7724181241,1027700201902,,"г. Волгоград, ул. Рабоче-Крестьянская, д. 9Б",344545001,"от 23.07.2018 №2885",
55,7,"Открытое акционерное общество ""Московский ювелирный завод""","ОАО ""МЮЗ""",7724181241,1027700201902,,"г. Калининград, ул. Генерал-лейтенанта Озерова, д. 17Б",390632001,"от 23.07.2018 №2885",
55,8,"Открытое акционерное общество ""Московский ювелирный завод""","ОАО ""МЮЗ""",7724181241,1027700201902,,"г. Калининград, ул. Театральная, д. 30",390645001,"от 23.07.2018 №2885",
55,9,"Открытое акционерное общество ""Московский ювелирный завод""","ОАО ""МЮЗ""",7724181241,1027700201902,,"г. Красногорск, ул. Международная, д. 12",502445003,"от 23.07.2018 №2885",
55,10,"Открытое акционерное общество ""Московский ювелирный завод""","ОАО ""МЮЗ""",7724181241,1027700201902,,"г. Нижний Новгород, ул. Бетанкура, д. 1",525745002,"от 23.07.2018 №2885",
55,11,"Открытое акционерное общество ""Московский ювелирный завод""","ОАО ""МЮЗ""",7724181241,1027700201902,,"г. Ростов-на-Дону, ул. Пойменная, д. 1",616445001,"от 23.07.2018 №2885",
55,12,"Открытое акционерное общество ""Московский ювелирный завод""","ОАО ""МЮЗ""",7724181241,1027700201902,,"г. Ростов-на-Дону, ул. Малиновского, д. 25",616845001,"от 23.07.2018 №2885",
55,13,"Открытое акционерное общество ""Московский ювелирный завод""","ОАО ""МЮЗ""",7724181241,1027700201902,,"г. Самара, Московское шоссе, 24 км, д. 5",631345001,"от 23.07.2018 №2885",
55,14,"Открытое акционерное общество ""Московский ювелирный завод""","ОАО ""МЮЗ""",7724181241,1027700201902,,"г. Самара, ул. Ново-Садовая, д. 160М",631632001,"от 23.07.2018 №2885",
55,15,"Открытое акционерное общество ""Московский ювелирный завод""","ОАО ""МЮЗ""",7724181241,1027700201902,,"г. Екатеринбург, ул. 8 Марта, д. 46",667145001,"от 23.07.2018 №2885",
55,16,"Открытое акционерное общество ""Московский ювелирный завод""","ОАО ""МЮЗ""",7724181241,1027700201902,,"г. Екатеринбург, ул. Вайнера, д. 9",667145002,"от 23.07.2018 №2885",
56,1,"Общество с ограниченной ответственностью ""Х.Штерн""","ООО ""Х.Штерн""",7724567090,1067746181128,,"г. Красногорск, ул. Международная, д. 8",502432001,"от 13.07.2018 №2753",
56,2,"Общество с ограниченной ответственностью ""Х.Штерн""","ООО ""Х.Штерн""",7724567090,1067746181128,,"г. Москва, Красная пл., д. 3",771045001,"от 13.07.2018 №2753",
57,1,"Общество с ограниченной ответственностью ""РАНДЕВУ""","ООО ""РАНДЕВУ""",7726747130,1147746527444,,"г. Казань, пр. Победы, д. 141",166045001,"от 13.07.2018 №2754",
57,2,"Общество с ограниченной ответственностью ""РАНДЕВУ""","ООО ""РАНДЕВУ""",7726747130,1147746527444,,"г. Волгоград, ул. Рабоче-Крестьянская, д. 9Б",346045001,"от 13.07.2018 №2754",
57,3,"Общество с ограниченной ответственностью ""РАНДЕВУ""","ООО ""РАНДЕВУ""",7726747130,1147746527444,,"г. Красногорск, ул. Международная, д. 12",502445001,"от 13.07.2018 №2753",
57,4,"Общество с ограниченной ответственностью ""РАНДЕВУ""","ООО ""РАНДЕВУ""",7726747130,1147746527444,,"г. Самара, Московское шоссе, 24 км, д. 5",631345001,"от 13.07.2018 №2754",
57,5,"Общество с ограниченной ответственностью ""РАНДЕВУ""","ООО ""РАНДЕВУ""",7726747130,1147746527444,,"г. Екатеринбург, ул. 8 марта, д. 46",667145001,"от 13.07.2018 №2754",
57,6,"Общество с ограниченной ответственностью ""РАНДЕВУ""","ООО ""РАНДЕВУ""",7726747130,1147746527444,,"г. Екатеринбург, ул. Вайнера, д. 9",667145002,"от 13.07.2018 №2754",
58,1,"Общество с ограниченной ответственностью ""Да Винчи-Акрополь""","ООО ""Да Винчи-Акрополь""",7730501436,1037789050166,"г. Москва, Смоленская пл., д. 3",,,"от 18.06.2018 №2370",19.06.2018
59,1,"Общество с ограниченной ответственностью ""КЕРУСКА""","ООО ""КЕРУСКА""",7736604685,1097746372019,,"г. Казань, пр. Ямашева, д. 46/33",165745001,"от 13.07.2018 №2753",
59,2,"Общество с ограниченной ответственностью ""КЕРУСКА""","ООО ""КЕРУСКА""",7736604685,1097746372019,,"г. Самара, Московское шоссе, 24 км, д.5",631345001,"от 13.07.2018 №2753",
60,1,"Общество с ограниченной ответственностью ""МОНКЛЕР РУС""","ООО ""Монклер РУС""",7743897707,1137746735609,,"Москва, Красная пл., д. 3",771045001,"от 09.06.2018 №2296",13.06.2018
61,1,"Общество с ограниченной ответственностью ""Манго Раша""","ООО ""МАНГО Раша""",7810092757,1077847140690,,"г. Казань, пр. Победы, д. 141",166045001,"от 09.06.2018 №2296",13.06.2018
61,2,"Общество с ограниченной ответственностью ""Манго Раша""","ООО ""МАНГО Раша""",7810092757,1077847140690,,"г. Казань, пр. Победы, д. 141",166045003,"от 09.06.2018 №2296",13.06.2018
61,3,"Общество с ограниченной ответственностью ""Манго Раша""","ООО ""МАНГО Раша""",7810092757,1077847140690,,"г. Волгоград, ул. им. Землячки, д. 110Б",344345001,"от 09.06.2018 №2296",13.06.2018
61,4,"Общество с ограниченной ответственностью ""Манго Раша""","ООО ""МАНГО Раша""",7810092757,1077847140690,,"г. Волгоград, ул. Рабоче-Крестьянская, д. 9Б",346045003,"от 09.06.2018 №2296",13.06.2018
61,5,"Общество с ограниченной ответственностью ""Манго Раша""","ООО ""МАНГО Раша""",7810092757,1077847140690,,"г. Ростов-на-Дону, пр. Михаила Нагибина, д. 32/2",616145001,"от 09.06.2018 №2296",13.06.2018
61,6,"Общество с ограниченной ответственностью ""Манго Раша""","ООО ""МАНГО Раша""",7810092757,1077847140690,,"г. Самара, Московское шоссе 24 км, д. 5",631345001,"от 09.06.2018 №2296",13.06.2018
61,7,"Общество с ограниченной ответственностью ""Манго Раша""","ООО ""МАНГО Раша""",7810092757,1077847140690,,"г. Самара, Московское шоссе 24 км, д. 5",631345002,"от 09.06.2018 №2296",13.06.2018
62,1,"Общество с ограниченной ответственностью ""Арена""","ООО ""Арена""",9717001974,1157746876572,,"Республика Татарстан, г. Казань, ул. Спартаковская, д. 6",165545001,"от 13.07.2018 №2753",
62,2,"Общество с ограниченной ответственностью ""Арена""","ООО ""Арена""",9717001974,1157746876572,,"Самарская область, г. Самара, Московское шоссе, д. 81Б",631945001,"от 13.07.2018 №2753",
62,3,"Общество с ограниченной ответственностью ""Арена""","ООО ""Арена""",9717001974,1157746876572,,"г. Екатеринбург, ул. 8 Марта, д. 46",667145001,"от 23.07.2018 №2885",
62,4,"Общество с ограниченной ответственностью ""Арена""","ООО ""Арена""",9717001974,1157746876572,,"г. Москва, Красная пл., д. 3",772545007,"от 06.04.2018 №1307",09.04.2018
62,5,"Общество с ограниченной ответственностью ""Арена""","ООО ""Арена""",9717001974,1157746876572,,"г. Москва, Смоленская пл., д. 3",772545014,"от 06.04.2018 №1307",09.04.2018
62,6,"Общество с ограниченной ответственностью ""Арена""","ООО ""Арена""",9717001974,1157746876572,,"г. Москва, ул. Новый Арбат, д. 19",772545015,"от 06.04.2018 №1307",09.04.2018
